{
  "project_info": {
    "project_number": "894282173407",
    "project_id": "modul-3-pember",
    "storage_bucket": "modul-3-pember.appspot.com"
  },
  "client": [
    {
      "client_info": {
        "mobilesdk_app_id": "1:894282173407:android:45d20869317681bf8c126a",
        "android_client_info": {
          "package_name": "com.example.modul3nebula"
        }
      },
      "oauth_client": [],
      "api_key": [
        {
          "current_key": "AIzaSyAbn8PRRI9lAxz2dSyXkyFO8GyqK-8666s"
        }
      ],
      "services": {
        "appinvite_service": {
          "other_platform_oauth_client": []
        }
      }
    }
  ],
  "configuration_version": "1"
}